{
  "project_info": {
    "project_number": "151433151650",
    "project_id": "loginandregister-d2b3c",
    "storage_bucket": "loginandregister-d2b3c.appspot.com"
  },
  "client": [
    {
      "client_info": {
        "mobilesdk_app_id": "1:151433151650:android:f3ef6842212dae8d9903fb",
        "android_client_info": {
          "package_name": "ae.ac.adu.joe.loginandregister"
        }
      },
      "oauth_client": [
        {
          "client_id": "151433151650-6oe8gq0320igir12382mfs4hiv4cispc.apps.googleusercontent.com",
          "client_type": 3
        }
      ],
      "api_key": [
        {
          "current_key": "AIzaSyAoIFbfeNOk1hKhHTteNkQGhguMoJ0jCpQ"
        }
      ],
      "services": {
        "appinvite_service": {
          "other_platform_oauth_client": [
            {
              "client_id": "151433151650-6oe8gq0320igir12382mfs4hiv4cispc.apps.googleusercontent.com",
              "client_type": 3
            }
          ]
        }
      }
    }
  ],
  "configuration_version": "1"
}